Workbook

Sheet Read Me
A1: Neon Fabs Balance Model
A2: Use this workbook to tune the first readable layer before adding modules or overdrives.
A3: Recommended workflow
A4: 1. Change Inputs knobs.
A5: 2. Review Vehicles for class identity: Runner safe, Freighter profitable, Interceptor detects, Guardian protects.
A6: 3. Review Detection samples before combat samples.
A7: 4. Use Combat Samples as first-order estimates, then confirm in the Admin simulator.
A8: 5. Add one new mechanic layer only after the current layer is understandable.

Sheet Inputs
A1: Knob | B1: Value | C1: Notes
A2: Detection base | B2: 8 | C2: Starting percentage before vehicle stats
A3: Sensor weight | B3: 0.45 | C3: Patrol Sensor contribution
A4: Profile weight | B4: 0.65 | C4: Target Profile contribution
A5: Extra cargo profile | B5: 5 | C5: Added per cargo unit after the first
A6: Relative speed weight | B6: 0.2 | C6: Patrol mph minus target mph
A7: Rarity evasion | B7: 3 | C7: Subtracted per target rarity rank
A8: Detection min | B8: 5 | C8: Clamp floor
A9: Detection max | B9: 95 | C9: Clamp ceiling
A10: Integrity base | B10: 48 | C10: Base combat health
A11: Durability to integrity | B11: 8 | C11: Durability multiplier
A12: Capacity to integrity | B12: 9 | C12: Cargo slot multiplier
A13: Rarity to integrity | B13: 16 | C13: Rarity rank multiplier
... A31: Cargo load escape penalty | B31: 2 | C31: Escape penalty per cargo unit after first

Sheet Vehicles
A1: Name | B1: Mode | C1: Class | D1: Rarity | E1: Rarity Rank | F1: Value | G1: Cargo | H1: MPH | I1: Durability | J1: Profile | K1: Profile Band | L1: Sensor | M1: Cargo Integrity | N1: Battle Speed | O1: Impact
A2: Common Runner | B2: land | C2: Runner | D2: Common | E2: 0 | F2: 70 | G2: 1 | H2: 38 | I2: 5 | J2: 22 | K2: Low | L2: 24 | M2: =ROUND(Inputs!$B$10+J2*Inputs!$B$11+G2*Inputs!$B$12+E2*Inputs!$B$13+Inputs!$B$14,0) | N2: =MAX(6,ROUND(Inputs!$B$16+H2*Inputs!$B$17+E2*Inputs!$B$18,0)) | O2: =MAX(1,ROUND(Inputs!$B$23+(H2*Inputs!$B$20+J2*Inputs!$B$21+E2*Inputs!$B$22)*Inputs!$B$24,0))
A3: Uncommon Runner | B3: land | C3: Runner | D3: Uncommon | E3: 1 | F3: 260 | G3: 1 | H3: 52 | I3: 8 | J3: 19 | K3: Low | L3: 29 | M3: =ROUND(Inputs!$B$10+J3*Inputs!$B$11+G3*Inputs!$B$12+E3*Inputs!$B$13+Inputs!$B$14,0) | N3: =MAX(6,ROUND(Inputs!$B$16+H3*Inputs!$B$17+E3*Inputs!$B$18,0)) | O3: =MAX(1,ROUND(Inputs!$B$23+(H3*Inputs!$B$20+J3*Inputs!$B$21+E3*Inputs!$B$22)*Inputs!$B$24,0))
A4: Rare Runner | B4: land | C4: Runner | D4: Rare | E4: 2 | F4: 860 | G4: 2 | H4: 62 | I4: 11 | J4: 16 | K4: Low | L4: 34 | M4: =ROUND(Inputs!$B$10+J4*Inputs!$B$11+G4*Inputs!$B$12+E4*Inputs!$B$13+Inputs!$B$14,0) | N4: =MAX(6,ROUND(Inputs!$B$16+H4*Inputs!$B$17+E4*Inputs!$B$18,0)) | O4: =MAX(1,ROUND(Inputs!$B$23+(H4*Inputs!$B$20+J4*Inputs!$B$21+E4*Inputs!$B$22)*Inputs!$B$24,0))
A5: Epic Runner | B5: land | C5: Runner | D5: Epic | E5: 3 | F5: 2800 | G5: 2 | H5: 78 | I5: 16 | J5: 13 | K5: Low | L5: 39 | M5: =ROUND(Inputs!$B$10+J5*Inputs!$B$11+G5*Inputs!$B$12+E5*Inputs!$B$13+Inputs!$B$14,0) | N5: =MAX(6,ROUND(Inputs!$B$16+H5*Inputs!$B$17+E5*Inputs!$B$18,0)) | O5: =MAX(1,ROUND(Inputs!$B$23+(H5*Inputs!$B$20+J5*Inputs!$B$21+E5*Inputs!$B$22)*Inputs!$B$24,0))
A6: Legendary Runner | B6: land | C6: Runner | D6: Legendary | E6: 4 | F6: 8200 | G6: 3 | H6: 96 | I6: 24 | J6: 10 | K6: Low | L6: 44 | M6: =ROUND(Inputs!$B$10+J6*Inputs!$B$11+G6*Inputs!$B$12+E6*Inputs!$B$13+Inputs!$B$14,0) | N6: =MAX(6,ROUND(Inputs!$B$16+H6*Inputs!$B$17+E6*Inputs!$B$18,0)) | O6: =MAX(1,ROUND(Inputs!$B$23+(H6*Inputs!$B$20+J6*Inputs!$B$21+E6*Inputs!$B$22)*Inputs!$B$24,0))
A7: Common Freighter | B7: land | C7: Freighter | D7: Common | E7: 0 | F7: 90 | G7: 2 | H7: 26 | I7: 7 | J7: 58 | K7: High | L7: 14 | M7: =ROUND(Inputs!$B$10+J7*Inputs!$B$11+G7*Inputs!$B$12+E7*Inputs!$B$13+Inputs!$B$14,0) | N7: =MAX(6,ROUND(Inputs!$B$16+H7*Inputs!$B$17+E7*Inputs!$B$18,0)) | O7: =MAX(1,ROUND(Inputs!$B$23+(H7*Inputs!$B$20+J7*Inputs!$B$21+E7*Inputs!$B$22)*Inputs!$B$24,0))
A8: Uncommon Freighter | B8: land | C8: Freighter | D8: Uncommon | E8: 1 | F8: 320 | G8: 2 | H8: 36 | I8: 10 | J8: 55 | K8: High | L8: 19 | M8: =ROUND(Inputs!$B$10+J8*Inputs!$B$11+G8*Inputs!$B$12+E8*Inputs!$B$13+Inputs!$B$14,0) | N8: =MAX(6,ROUND(Inputs!$B$16+H8*Inputs!$B$17+E8*Inputs!$B$18,0)) | O8: =MAX(1,ROUND(Inputs!$B$23+(H8*Inputs!$B$20+J8*Inputs!$B$21+E8*Inputs!$B$22)*Inputs!$B$24,0))
A9: Rare Freighter | B9: land | C9: Freighter | D9: Rare | E9: 2 | F9: 900 | G9: 3 | H9: 48 | I9: 14 | J9: 52 | K9: High | L9: 24 | M9: =ROUND(Inputs!$B$10+J9*Inputs!$B$11+G9*Inputs!$B$12+E9*Inputs!$B$13+Inputs!$B$14,0) | N9: =MAX(6,ROUND(Inputs!$B$16+H9*Inputs!$B$17+E9*Inputs!$B$18,0)) | O9: =MAX(1,ROUND(Inputs!$B$23+(H9*Inputs!$B$20+J9*Inputs!$B$21+E9*Inputs!$B$22)*Inputs!$B$24,0))
A10: Epic Freighter | B10: land | C10: Freighter | D10: Epic | E10: 3 | F10: 3100 | G10: 4 | H10: 54 | I10: 19 | J10: 49 | K10: High | L10: 29 | M10: =ROUND(Inputs!$B$10+J10*Inputs!$B$11+G10*Inputs!$B$12+E10*Inputs!$B$13+Inputs!$B$14,0) | N10: =MAX(6,ROUND(Inputs!$B$16+H10*Inputs!$B$17+E10*Inputs!$B$18,0)) | O10: =MAX(1,ROUND(Inputs!$B$23+(H10*Inputs!$B$20+J10*Inputs!$B$21+E10*Inputs!$B$22)*Inputs!$B$24,0))
A11: Legendary Freighter | B11: land | C11: Freighter | D11: Legendary | E11: 4 | F11: 9000 | G11: 5 | H11: 68 | I11: 28 | J11: 46 | K11: Medium | L11: 34 | M11: =ROUND(Inputs!$B$10+J11*Inputs!$B$11+G11*Inputs!$B$12+E11*Inputs!$B$13+Inputs!$B$14,0) | N11: =MAX(6,ROUND(Inputs!$B$16+H11*Inputs!$B$17+E11*Inputs!$B$18,0)) | O11: =MAX(1,ROUND(Inputs!$B$23+(H11*Inputs!$B$20+J11*Inputs!$B$21+E11*Inputs!$B$22)*Inputs!$B$24,0))
A12: Common Interceptor | B12: land | C12: Interceptor | D12: Common | E12: 0 | F12: 85 | G12: 1 | H12: 42 | I12: 4 | J12: 36 | K12: Medium | L12: 48 | M12: =ROUND(Inputs!$B$10+J12*Inputs!$B$11+G12*Inputs!$B$12+E12*Inputs!$B$13+Inputs!$B$14,0) | N12: =MAX(6,ROUND(Inputs!$B$16+H12*Inputs!$B$17+E12*Inputs!$B$18,0)) | O12: =MAX(1,ROUND(Inputs!$B$23+(H12*Inputs!$B$20+J12*Inputs!$B$21+E12*Inputs!$B$22)*Inputs!$B$24,0))
A13: Uncommon Interceptor | B13: land | C13: Interceptor | D13: Uncommon | E13: 1 | F13: 300 | G13: 1 | H13: 56 | I13: 7 | J13: 33 | K13: Medium | L13: 53 | M13: =ROUND(Inputs!$B$10+J13*Inputs!$B$11+G13*Inputs!$B$12+E13*Inputs!$B$13+Inputs!$B$14,0) | N13: =MAX(6,ROUND(Inputs!$B$16+H13*Inputs!$B$17+E13*Inputs!$B$18,0)) | O13: =MAX(1,ROUND(Inputs!$B$23+(H13*Inputs!$B$20+J13*Inputs!$B$21+E13*Inputs!$B$22)*Inputs!$B$24,0))
... A41: Legendary Water Guardian | B41: water | C41: Guardian | D41: Legendary | E41: 4 | F41: 10800 | G41: 3 | H41: 66 | I41: 32 | J41: 38 | K41: Medium | L41: 52 | M41: =ROUND(Inputs!$B$10+J41*Inputs!$B$11+G41*Inputs!$B$12+E41*Inputs!$B$13+Inputs!$B$14,0) | N41: =MAX(6,ROUND(Inputs!$B$16+H41*Inputs!$B$17+E41*Inputs!$B$18,0)) | O41: =MAX(1,ROUND(Inputs!$B$23+(H41*Inputs!$B$20+J41*Inputs!$B$21+E41*Inputs!$B$22)*Inputs!$B$24,0))

Sheet Routes
A1: From | B1: To | C1: Miles | D1: Type
A2: Lowline | B2: Chrome Pier | C2: 72 | D2: land
A3: Lowline | B3: Orchid Sprawl | C3: 105 | D3: land
A4: Chrome Pier | B4: Lowline | C4: 72 | D4: land
A5: Chrome Pier | B5: Vanta Arcology | C5: 156 | D5: land
A6: Chrome Pier | B6: Helix Quay | C6: 190 | D6: land
A7: Vanta Arcology | B7: Chrome Pier | C7: 156 | D7: land
A8: Vanta Arcology | B8: Orchid Sprawl | C8: 220 | D8: water
A9: Orchid Sprawl | B9: Lowline | C9: 105 | D9: land
A10: Orchid Sprawl | B10: Vanta Arcology | C10: 220 | D10: water
A11: Helix Quay | B11: Chrome Pier | C11: 190 | D11: land

Sheet Detection
A1: Merchant Vehicle | B1: Cargo Units | C1: Routejack Vehicle | D1: Detection Chance | E1: Read
A2: Common Runner | B2: 1 | C2: Common Interceptor | D2: =MAX(Inputs!$B$8,MIN(Inputs!$B$9,ROUND(Inputs!$B$2+VLOOKUP(C2,Vehicles!$A:$O,12,FALSE)*Inputs!$B$3+VLOOKUP(A2,Vehicles!$A:$O,10,FALSE)*Inputs!$B$4+(B2-1)*Inputs!$B$5+(VLOOKUP(C2,Vehicles!$A:$O,8,FALSE)-VLOOKUP(A2,Vehicles!$A:$O,8,FALSE))*Inputs!$B$6-VLOOKUP(A2,Vehicles!$A:$O,5,FALSE)*Inputs!$B$7,0))) | E2: =IF(D2<25,"Low",IF(D2<55,"Medium","High"))
A3: Common Freighter | B3: 2 | C3: Common Interceptor | D3: =MAX(Inputs!$B$8,MIN(Inputs!$B$9,ROUND(Inputs!$B$2+VLOOKUP(C3,Vehicles!$A:$O,12,FALSE)*Inputs!$B$3+VLOOKUP(A3,Vehicles!$A:$O,10,FALSE)*Inputs!$B$4+(B3-1)*Inputs!$B$5+(VLOOKUP(C3,Vehicles!$A:$O,8,FALSE)-VLOOKUP(A3,Vehicles!$A:$O,8,FALSE))*Inputs!$B$6-VLOOKUP(A3,Vehicles!$A:$O,5,FALSE)*Inputs!$B$7,0))) | E3: =IF(D3<25,"Low",IF(D3<55,"Medium","High"))
A4: Rare Runner | B4: 2 | C4: Uncommon Interceptor | D4: =MAX(Inputs!$B$8,MIN(Inputs!$B$9,ROUND(Inputs!$B$2+VLOOKUP(C4,Vehicles!$A:$O,12,FALSE)*Inputs!$B$3+VLOOKUP(A4,Vehicles!$A:$O,10,FALSE)*Inputs!$B$4+(B4-1)*Inputs!$B$5+(VLOOKUP(C4,Vehicles!$A:$O,8,FALSE)-VLOOKUP(A4,Vehicles!$A:$O,8,FALSE))*Inputs!$B$6-VLOOKUP(A4,Vehicles!$A:$O,5,FALSE)*Inputs!$B$7,0))) | E4: =IF(D4<25,"Low",IF(D4<55,"Medium","High"))
A5: Epic Freighter | B5: 4 | C5: Rare Interceptor | D5: =MAX(Inputs!$B$8,MIN(Inputs!$B$9,ROUND(Inputs!$B$2+VLOOKUP(C5,Vehicles!$A:$O,12,FALSE)*Inputs!$B$3+VLOOKUP(A5,Vehicles!$A:$O,10,FALSE)*Inputs!$B$4+(B5-1)*Inputs!$B$5+(VLOOKUP(C5,Vehicles!$A:$O,8,FALSE)-VLOOKUP(A5,Vehicles!$A:$O,8,FALSE))*Inputs!$B$6-VLOOKUP(A5,Vehicles!$A:$O,5,FALSE)*Inputs!$B$7,0))) | E5: =IF(D5<25,"Low",IF(D5<55,"Medium","High"))
A6: Common Water Runner | B6: 1 | C6: Common Water Interceptor | D6: =MAX(Inputs!$B$8,MIN(Inputs!$B$9,ROUND(Inputs!$B$2+VLOOKUP(C6,Vehicles!$A:$O,12,FALSE)*Inputs!$B$3+VLOOKUP(A6,Vehicles!$A:$O,10,FALSE)*Inputs!$B$4+(B6-1)*Inputs!$B$5+(VLOOKUP(C6,Vehicles!$A:$O,8,FALSE)-VLOOKUP(A6,Vehicles!$A:$O,8,FALSE))*Inputs!$B$6-VLOOKUP(A6,Vehicles!$A:$O,5,FALSE)*Inputs!$B$7,0))) | E6: =IF(D6<25,"Low",IF(D6<55,"Medium","High"))
A7: Common Water Freighter | B7: 2 | C7: Common Water Interceptor | D7: =MAX(Inputs!$B$8,MIN(Inputs!$B$9,ROUND(Inputs!$B$2+VLOOKUP(C7,Vehicles!$A:$O,12,FALSE)*Inputs!$B$3+VLOOKUP(A7,Vehicles!$A:$O,10,FALSE)*Inputs!$B$4+(B7-1)*Inputs!$B$5+(VLOOKUP(C7,Vehicles!$A:$O,8,FALSE)-VLOOKUP(A7,Vehicles!$A:$O,8,FALSE))*Inputs!$B$6-VLOOKUP(A7,Vehicles!$A:$O,5,FALSE)*Inputs!$B$7,0))) | E7: =IF(D7<25,"Low",IF(D7<55,"Medium","High"))

Sheet Combat Samples
A1: Attacker Vehicle | B1: Cargo Vehicle | C1: Cargo Units | D1: Detection % | E1: Attacker Impact | F1: Cargo Integrity | G1: Cargo Battle Speed | H1: Escape Gain | I1: Attacks To Disable | J1: Cargo Actions To Escape | K1: Attacker Ticks To Win | L1: Cargo Ticks To Escape | M1: First-Order Favored
A2: Common Interceptor | B2: Common Runner | C2: 1 | D2: =MAX(Inputs!$B$8,MIN(Inputs!$B$9,ROUND(Inputs!$B$2+VLOOKUP(A2,Vehicles!$A:$O,12,FALSE)*Inputs!$B$3+VLOOKUP(B2,Vehicles!$A:$O,10,FALSE)*Inputs!$B$4+(C2-1)*Inputs!$B$5+(VLOOKUP(A2,Vehicles!$A:$O,8,FALSE)-VLOOKUP(B2,Vehicles!$A:$O,8,FALSE))*Inputs!$B$6-VLOOKUP(B2,Vehicles!$A:$O,5,FALSE)*Inputs!$B$7,0))) | E2: =VLOOKUP(A2,Vehicles!$A:$O,15,FALSE) | F2: =VLOOKUP(B2,Vehicles!$A:$O,13,FALSE) | G2: =MAX(6,VLOOKUP(B2,Vehicles!$A:$O,14,FALSE)-(C2-1)*Inputs!$B$19) | H2: =MAX(6,ROUND(Inputs!$B$28+G2*Inputs!$B$29-(C2-1)*Inputs!$B$31,0)) | I2: =CEILING(F2/E2,1) | J2: =CEILING(100/H2,1) | K2: =I2*100/VLOOKUP(A2,Vehicles!$A:$O,14,FALSE) | L2: =J2*100/G2 | M2: =IF(K2<L2,"Attacker","Cargo")
A3: Common Interceptor | B3: Common Freighter | C3: 2 | D3: =MAX(Inputs!$B$8,MIN(Inputs!$B$9,ROUND(Inputs!$B$2+VLOOKUP(A3,Vehicles!$A:$O,12,FALSE)*Inputs!$B$3+VLOOKUP(B3,Vehicles!$A:$O,10,FALSE)*Inputs!$B$4+(C3-1)*Inputs!$B$5+(VLOOKUP(A3,Vehicles!$A:$O,8,FALSE)-VLOOKUP(B3,Vehicles!$A:$O,8,FALSE))*Inputs!$B$6-VLOOKUP(B3,Vehicles!$A:$O,5,FALSE)*Inputs!$B$7,0))) | E3: =VLOOKUP(A3,Vehicles!$A:$O,15,FALSE) | F3: =VLOOKUP(B3,Vehicles!$A:$O,13,FALSE) | G3: =MAX(6,VLOOKUP(B3,Vehicles!$A:$O,14,FALSE)-(C3-1)*Inputs!$B$19) | H3: =MAX(6,ROUND(Inputs!$B$28+G3*Inputs!$B$29-(C3-1)*Inputs!$B$31,0)) | I3: =CEILING(F3/E3,1) | J3: =CEILING(100/H3,1) | K3: =I3*100/VLOOKUP(A3,Vehicles!$A:$O,14,FALSE) | L3: =J3*100/G3 | M3: =IF(K3<L3,"Attacker","Cargo")
A4: Uncommon Interceptor | B4: Rare Runner | C4: 2 | D4: =MAX(Inputs!$B$8,MIN(Inputs!$B$9,ROUND(Inputs!$B$2+VLOOKUP(A4,Vehicles!$A:$O,12,FALSE)*Inputs!$B$3+VLOOKUP(B4,Vehicles!$A:$O,10,FALSE)*Inputs!$B$4+(C4-1)*Inputs!$B$5+(VLOOKUP(A4,Vehicles!$A:$O,8,FALSE)-VLOOKUP(B4,Vehicles!$A:$O,8,FALSE))*Inputs!$B$6-VLOOKUP(B4,Vehicles!$A:$O,5,FALSE)*Inputs!$B$7,0))) | E4: =VLOOKUP(A4,Vehicles!$A:$O,15,FALSE) | F4: =VLOOKUP(B4,Vehicles!$A:$O,13,FALSE) | G4: =MAX(6,VLOOKUP(B4,Vehicles!$A:$O,14,FALSE)-(C4-1)*Inputs!$B$19) | H4: =MAX(6,ROUND(Inputs!$B$28+G4*Inputs!$B$29-(C4-1)*Inputs!$B$31,0)) | I4: =CEILING(F4/E4,1) | J4: =CEILING(100/H4,1) | K4: =I4*100/VLOOKUP(A4,Vehicles!$A:$O,14,FALSE) | L4: =J4*100/G4 | M4: =IF(K4<L4,"Attacker","Cargo")
A5: Rare Interceptor | B5: Epic Freighter | C5: 4 | D5: =MAX(Inputs!$B$8,MIN(Inputs!$B$9,ROUND(Inputs!$B$2+VLOOKUP(A5,Vehicles!$A:$O,12,FALSE)*Inputs!$B$3+VLOOKUP(B5,Vehicles!$A:$O,10,FALSE)*Inputs!$B$4+(C5-1)*Inputs!$B$5+(VLOOKUP(A5,Vehicles!$A:$O,8,FALSE)-VLOOKUP(B5,Vehicles!$A:$O,8,FALSE))*Inputs!$B$6-VLOOKUP(B5,Vehicles!$A:$O,5,FALSE)*Inputs!$B$7,0))) | E5: =VLOOKUP(A5,Vehicles!$A:$O,15,FALSE) | F5: =VLOOKUP(B5,Vehicles!$A:$O,13,FALSE) | G5: =MAX(6,VLOOKUP(B5,Vehicles!$A:$O,14,FALSE)-(C5-1)*Inputs!$B$19) | H5: =MAX(6,ROUND(Inputs!$B$28+G5*Inputs!$B$29-(C5-1)*Inputs!$B$31,0)) | I5: =CEILING(F5/E5,1) | J5: =CEILING(100/H5,1) | K5: =I5*100/VLOOKUP(A5,Vehicles!$A:$O,14,FALSE) | L5: =J5*100/G5 | M5: =IF(K5<L5,"Attacker","Cargo")
A6: Common Water Interceptor | B6: Common Water Runner | C6: 1 | D6: =MAX(Inputs!$B$8,MIN(Inputs!$B$9,ROUND(Inputs!$B$2+VLOOKUP(A6,Vehicles!$A:$O,12,FALSE)*Inputs!$B$3+VLOOKUP(B6,Vehicles!$A:$O,10,FALSE)*Inputs!$B$4+(C6-1)*Inputs!$B$5+(VLOOKUP(A6,Vehicles!$A:$O,8,FALSE)-VLOOKUP(B6,Vehicles!$A:$O,8,FALSE))*Inputs!$B$6-VLOOKUP(B6,Vehicles!$A:$O,5,FALSE)*Inputs!$B$7,0))) | E6: =VLOOKUP(A6,Vehicles!$A:$O,15,FALSE) | F6: =VLOOKUP(B6,Vehicles!$A:$O,13,FALSE) | G6: =MAX(6,VLOOKUP(B6,Vehicles!$A:$O,14,FALSE)-(C6-1)*Inputs!$B$19) | H6: =MAX(6,ROUND(Inputs!$B$28+G6*Inputs!$B$29-(C6-1)*Inputs!$B$31,0)) | I6: =CEILING(F6/E6,1) | J6: =CEILING(100/H6,1) | K6: =I6*100/VLOOKUP(A6,Vehicles!$A:$O,14,FALSE) | L6: =J6*100/G6 | M6: =IF(K6<L6,"Attacker","Cargo")
A7: Common Water Interceptor | B7: Common Water Freighter | C7: 2 | D7: =MAX(Inputs!$B$8,MIN(Inputs!$B$9,ROUND(Inputs!$B$2+VLOOKUP(A7,Vehicles!$A:$O,12,FALSE)*Inputs!$B$3+VLOOKUP(B7,Vehicles!$A:$O,10,FALSE)*Inputs!$B$4+(C7-1)*Inputs!$B$5+(VLOOKUP(A7,Vehicles!$A:$O,8,FALSE)-VLOOKUP(B7,Vehicles!$A:$O,8,FALSE))*Inputs!$B$6-VLOOKUP(B7,Vehicles!$A:$O,5,FALSE)*Inputs!$B$7,0))) | E7: =VLOOKUP(A7,Vehicles!$A:$O,15,FALSE) | F7: =VLOOKUP(B7,Vehicles!$A:$O,13,FALSE) | G7: =MAX(6,VLOOKUP(B7,Vehicles!$A:$O,14,FALSE)-(C7-1)*Inputs!$B$19) | H7: =MAX(6,ROUND(Inputs!$B$28+G7*Inputs!$B$29-(C7-1)*Inputs!$B$31,0)) | I7: =CEILING(F7/E7,1) | J7: =CEILING(100/H7,1) | K7: =I7*100/VLOOKUP(A7,Vehicles!$A:$O,14,FALSE) | L7: =J7*100/G7 | M7: =IF(K7<L7,"Attacker","Cargo")

Sheet Mechanic Roadmap
A1: Layer | B1: Mechanic | C1: Purpose | D1: Add When
A2: 0 | B2: Core detection + initiative combat | C2: Readable base tradeoffs | D2: Now
A3: 1 | B3: Shields | C3: Simple defensive buffer | D3: Core outcomes are stable
A4: 2 | B4: Brave | C4: Escort identity | D4: Shields are understandable
A5: 3 | B5: Passive route modules | C5: Itemization without log complexity | D5: Vehicle classes are balanced
A6: 4 | B6: Triggered standard modules | C6: Build variety | D6: Passive modules feel flat
A7: 5 | B7: Cooldown specials | C7: Signature vehicle/module moments | D7: Logs remain readable
A8: 6 | B8: Overdrives | C8: Rare fight-swinging abilities | D8: Core plus modules are fun
